,Shuffle,RMSE
0,shuffle0,29.855124282383642
1,shuffle1,25.842068586611816
2,shuffle2,27.968277200687226
